[
    {"MusicGenre":"Pop","SongTitle":"Blank Soace","Artist":"Taylor Swift"},
    {"MusicGenre":"Pop","SongTitle":"Perfect","Artist":"One Direction"},
    {"MusicGenre":"R&B","SongTitle":"Kill Bill","Artist":"SZA"},
    {"MusicGenre":"Pop","SongTitle":"Flowers","Artist":"Miley Cyrus"},
    {"MusicGenre":"Rock","SongTitle":"Begging","Artist":"Maneskin"},
    {"MusicGenre":"Soft Rock","SongTitle":"Kesariya","Artist":"Arijit Singh"},
    {"MusicGenre":"Pop","SongTitle":"Naatu Naatu","Artist":"Rahul Sipligunj"},
    {"MusicGenre":"Soft Rock","SongTitle":"Apna Bana Le","Artist":"Arijit Singh"},
    {"MusicGenre":"Country","SongTitle":"Take Me Home","Artist":"John Denever"},
    {"MusicGenre":"Indie","SongTitle":"Hit It","Artist":"American Authors"}
  ]
  